{
  "beta0": 0.07150321741824513,
  "delta1": 0.3262961759915276,
  "delta2": 0.5259563273695262,
  "phi1": 3.0747939295931728,
  "phi2": -2.3102892881561172,
  "alpha": 0.010001243733213183
}