{
  "beta0": 0.04556791348169496,
  "delta1": 0.30293636209434077,
  "delta2": 0.7999848569077573,
  "phi1": -0.7554732313579899,
  "phi2": -2.413613992670579,
  "alpha": 0.050005801307501804
}