{
  "beta0": 0.04073435387391598,
  "delta1": 0.2552437766145287,
  "delta2": 0.7999999894201155,
  "phi1": -0.6413618530466803,
  "phi2": -2.41986944445884,
  "alpha": 0.010023365956494343
}