{
  "beta0_proxy": 0.04508644881150299,
  "delta1": 0.3933933524219744,
  "delta2": 0.5244525153436868,
  "phi1_rad": 0.41685280786064605,
  "phi2_rad": -0.5354832616227432,
  "fit_r2": 0.09511839699042679,
  "n_weeks": 522,
  "year_range": "2014-2024"
}
